{

	"metadata" :
	{
		"formatVersion" : 3.1,
		"generatedBy"   : "Blender 2.65 Exporter",
		"vertices"      : 8,
		"faces"         : 6,
		"normals"       : 8,
		"colors"        : 0,
		"uvs"           : [24],
		"materials"     : 1,
		"morphTargets"  : 0,
		"bones"         : 0
	},

	"scale" : 1.000000,

	"materials" : [	{
		"DbgColor" : 15658734,
		"DbgIndex" : 0,
		"DbgName" : "box_material",
		"blending" : "NormalBlending",
		"colorAmbient" : [0.800000011920929, 0.800000011920929, 0.800000011920929],
		"colorDiffuse" : [0.800000011920929, 0.800000011920929, 0.800000011920929],
		"colorSpecular" : [1.0, 1.0, 1.0],
		"depthTest" : true,
		"depthWrite" : true,
		"mapDiffuse" : "textures/box.png",
		"mapDiffuseWrap" : ["repeat", "repeat"],
		"shading" : "Lambert",
		"specularCoef" : 50,
		"transparency" : 1.0,
		"transparent" : false,
		"vertexColors" : false
	}],

	"vertices" : [-1,-1,1,-1,-1,-1,1,-1,-1,1,-1,1,-1,1,1,-1,1,-1,1,1,-1,1,1,1],

	"morphTargets" : [],

	"normals" : [-0.577349,-0.577349,-0.577349,-0.577349,-0.577349,0.577349,-0.577349,0.577349,0.577349,-0.577349,0.577349,-0.577349,0.577349,0.577349,-0.577349,0.577349,-0.577349,-0.577349,0.577349,0.577349,0.577349,0.577349,-0.577349,0.577349],

	"colors" : [],

	"uvs" : [[0.333333,0.001019,0.665647,0,0.666667,0.332314,0.334353,0.333333,0.001019,0.333333,0,0.00102,0.332314,0,0.333333,0.332314,0.666667,0.99898,0.334353,1,0.333333,0.667686,0.665647,0.666667,0.666667,0.665647,0.334353,0.666667,0.333333,0.334353,0.665647,0.333333,0.333333,0.665647,0.00102,0.666667,0,0.334353,0.332314,0.333333,0.666667,0.667686,0.99898,0.666667,1,0.99898,0.667686,1]],

	"faces" : [43,1,0,4,5,0,0,1,2,3,0,1,2,3,43,5,6,2,1,0,4,5,6,7,3,4,5,0,43,6,7,3,2,0,8,9,10,11,4,6,7,5,43,0,3,7,4,0,12,13,14,15,1,7,6,2,43,0,1,2,3,0,16,17,18,19,1,0,5,7,43,7,6,5,4,0,20,21,22,23,6,4,3,2],

	"bones" : [],

	"skinIndices" : [],

	"skinWeights" : [],

	"animation" : {}


}
